"Country or Territory","Station Name","WMO Station Number","National Station Id Number","Period","Element-Statistic Qualifier Code","Statistic Description","Unit","Jan","Jan Footnotes","Feb","Feb Footnotes","Mar","Mar Footnotes","Apr","Apr Footnotes","May","May Footnotes","Jun","Jun Footnotes","Jul","Jul Footnotes","Aug","Aug Footnotes","Sep","Sep Footnotes","Oct","Oct Footnotes","Nov","Nov Footnotes","Dec","Dec Footnotes","Annual","Annual Footnotes","Annual NCDC Computed Value","Annual NCDC Computed Value Footnotes"
"BRAZIL","Tirios","82026","","1961-1990","","Mean Value","%","84.0","","84.0","","85.0","","85.0","","87.0","","85.0","","85.0","","82.0","","76.0","","74.0","","75.0","","79.0","","81.0","","81.8",""
"BRAZIL","Macapa","82098","","1961-1990","","Mean Value","%","86.0","","87.0","","88.0","","89.0","","88.0","","86.0","","85.0","","81.0","","76.0","","75.0","","76.0","","80.0","","83.0","","83.1",""
"BRAZIL","Barcelos","82113","","1961-1990","","Mean Value","%","87.0","","86.0","","88.0","","90.0","","91.0","","91.0","","88.0","","88.0","","88.0","","88.0","","87.0","","87.0","","89.0","","88.2",""
"BRAZIL","SOURE","82141","","1961-1990","","Mean Value","%","85.0","","87.0","","88.0","","87.0","","86.0","","82.0","","82.0","","80.0","","76.0","","74.0","","76.0","","80.0","","82.0","","81.9",""
"BRAZIL","Tracuateua","82145","","1961-1990","","Mean Value","%","85.0","","89.0","","90.0","","91.0","","91.0","","89.0","","87.0","","85.0","","80.0","","77.0","","77.0","","80.0","","85.0","","85.1",""
"BRAZIL","Obidos","82178","","1961-1990","","Mean Value","%","86.0","","88.0","","89.0","","88.0","","88.0","","86.0","","84.0","","81.0","","78.0","","78.0","","78.0","","82.0","","84.0","","83.8",""
"BRAZIL","Monte Alegre","82181","","1961-1990","","Mean Value","%","80.0","","82.0","","84.0","","84.0","","84.0","","81.0","","80.0","","75.0","","73.0","","71.0","","76.0","","75.0","","78.0","","78.8",""
"BRAZIL","Porto de Moz","82184","","1961-1990","","Mean Value","%","88.0","","89.0","","89.0","","89.0","","89.0","","87.0","","87.0","","85.0","","84.0","","82.0","","83.0","","84.0","","86.0","","86.3",""
"BRAZIL","Breves","82188","","1961-1990","","Mean Value","%","89.0","","90.0","","90.0","","89.0","","87.0","","86.0","","84.0","","84.0","","84.0","","82.0","","84.0","","86.0","","86.0","","86.2",""
"BRAZIL","Belem","82191","","1961-1990","","Mean Value","%","86.0","","91.0","","91.0","","91.0","","88.0","","86.0","","85.0","","84.0","","84.0","","83.0","","83.0","","86.0","","84.0","","86.5",""
"BRAZIL","Turiacu","82198","","1961-1990","","Mean Value","%","82.0","","86.0","","88.0","","87.0","","87.0","","85.0","","83.0","","80.0","","77.0","","76.0","","75.0","","77.0","","81.0","","81.9",""
"BRAZIL","Parintins","82240","","1961-1990","","Mean Value","%","85.0","","87.0","","86.0","","87.0","","89.0","","87.0","","85.0","","82.0","","79.0","","77.0","","76.0","","82.0","","84.0","","83.5",""
"BRAZIL","Belterra","82246","","1961-1990","","Mean Value","%","90.0","","92.0","","92.0","","92.0","","93.0","","92.0","","90.0","","88.0","","87.0","","86.0","","85.0","","87.0","","90.0","","89.5",""
"BRAZIL","Sao Luis","82280","","1961-1990","","Mean Value","%","85.0","","88.0","","89.0","","90.0","","89.0","","86.0","","86.0","","84.0","","81.0","","81.0","","79.0","","81.0","","85.0","","84.9",""
"BRAZIL","Parnaiba","82287","","1961-1990","","Mean Value","%","77.0","","81.0","","83.0","","85.0","","83.0","","78.0","","71.0","","72.0","","69.0","","70.0","","70.0","","72.0","","75.9","","75.9",""
"BRAZIL","Tefe","82317","","1961-1990","","Mean Value","%","86.0","","85.0","","88.0","","88.0","","86.0","","87.0","","84.0","","82.0","","83.0","","84.0","","83.0","","87.0","","85.0","","85.2",""
"BRAZIL","Manaus","82331","","1961-1990","","Mean Value","%","86.0","","87.0","","88.0","","87.0","","87.0","","83.0","","80.0","","77.0","","77.0","","79.0","","81.0","","85.0","","83.0","","83.1",""
"BRAZIL","Itacoatiara","82336","","1961-1990","","Mean Value","%","85.0","","87.0","","88.0","","88.0","","87.0","","85.0","","84.0","","82.0","","80.0","","79.0","","80.0","","82.0","","84.0","","83.9",""
"BRAZIL","Altamira","82353","","1961-1990","","Mean Value","%","86.0","","87.0","","88.0","","88.0","","87.0","","85.0","","83.0","","81.0","","79.0","","78.0","","79.0","","86.0","","84.0","","83.9",""
"BRAZIL","Tucurui","82361","","1961-1990","","Mean Value","%","90.0","","91.0","","91.0","","91.0","","89.0","","87.0","","85.0","","85.0","","84.0","","85.0","","85.0","","88.0","","87.0","","87.6",""
"BRAZIL","Ze Doca","82376","","1961-1990","","Mean Value","%","83.0","","86.0","","86.0","","86.0","","84.0","","81.0","","77.0","","74.0","","71.0","","71.0","","71.0","","74.0","","78.0","","78.7",""
"BRAZIL","Sobral","82392","","1961-1990","","Mean Value","%","69.0","","74.0","","81.0","","85.0","","80.0","","74.0","","66.0","","55.0","","55.0","","58.0","","57.0","","61.0","","67.9","","67.9",""
"BRAZIL","Fortaleza","82397","","1961-1990","","Mean Value","%","78.0","","79.0","","84.0","","85.0","","82.0","","80.0","","80.0","","75.0","","74.0","","73.0","","74.0","","76.0","","78.3","","78.3",""
"BRAZIL","Fernando de Noronha","82400","","1961-1990","","Mean Value","%","78.0","","76.0","","81.0","","84.0","","83.0","","81.0","","81.0","","77.0","","73.0","","75.0","","75.0","","76.0","","78.3","","78.3",""
"BRAZIL","Itaituba","82445","","1961-1990","","Mean Value","%","88.0","","91.0","","91.0","","91.0","","91.0","","89.0","","88.0","","85.0","","84.0","","83.0","","84.0","","88.0","","88.0","","87.8",""
"BRAZIL","Caxias","82476","","1961-1990","","Mean Value","%","78.0","","81.0","","83.0","","83.0","","80.0","","74.0","","67.0","","60.0","","57.0","","59.0","","62.0","","67.0","","70.0","","70.9",""
"BRAZIL","Guaramiranga","82487","","1961-1990","","Mean Value","%","82.0","","88.0","","90.0","","89.0","","81.0","","87.0","","85.0","","80.0","","78.0","","83.0","","79.0","","77.0","","83.3","","83.2",""
"BRAZIL","Jaguaruana","82493","","1961-1990","","Mean Value","%","71.0","","75.0","","82.0","","82.0","","79.0","","77.0","","74.0","","68.0","","68.0","","67.0","","68.0","","69.0","","73.3","","73.3",""
"BRAZIL","Maraba","82562","","1961-1990","","Mean Value","%","86.0","","87.0","","87.0","","87.0","","84.0","","79.0","","77.0","","76.0","","78.0","","81.0","","83.0","","86.0","","82.0","","82.6",""
"BRAZIL","Imperatriz","82564","","1961-1990","","Mean Value","%","83.0","","84.0","","84.0","","83.0","","78.0","","72.0","","64.0","","61.0","","65.0","","70.0","","75.0","","80.0","","74.0","","74.9",""
"BRAZIL","Grajau","82568","","1961-1990","","Mean Value","%","84.0","","86.0","","85.0","","85.0","","82.0","","76.0","","72.0","","66.0","","67.0","","71.0","","78.0","","83.0","","78.0","","77.9",""
"BRAZIL","Barra do Corda","82571","","1961-1990","","Mean Value","%","85.0","","87.0","","88.0","","87.0","","84.0","","80.0","","70.0","","65.0","","64.0","","69.0","","72.0","","78.0","","77.0","","77.4",""
"BRAZIL","Teresina","82578","","1961-1990","","Mean Value","%","75.0","","83.0","","83.0","","84.0","","81.0","","72.0","","65.0","","59.0","","56.0","","58.0","","60.0","","64.0","","70.0","","70.0",""
"BRAZIL","Crateus","82583","","1961-1990","","Mean Value","%","60.0","","73.0","","77.0","","78.0","","73.0","","65.0","","57.0","","50.0","","45.0","","45.0","","47.0","","52.0","","60.2","","60.2",""
"BRAZIL","Quixeramobim","82586","","1961-1990","","Mean Value","%","59.0","","68.0","","76.0","","80.0","","79.0","","75.0","","65.0","","58.0","","56.0","","58.0","","55.0","","57.0","","65.5","","65.5",""
"BRAZIL","Morada Nova","82588","","1961-1990","","Mean Value","%","65.8","","72.0","","80.3","","79.5","","75.0","","73.7","","67.6","","61.4","","57.5","","58.0","","58.3","","61.4","","67.5","","67.5",""
"BRAZIL","Apodi","82590","","1961-1990","","Mean Value","%","64.0","","69.0","","75.0","","77.0","","75.0","","72.0","","67.0","","63.0","","60.0","","58.0","","59.0","","62.0","","66.8","","66.8",""
"BRAZIL","Mossoro","82591","","1961-1990","","Mean Value","%","67.0","","72.0","","78.0","","74.0","","76.0","","72.0","","69.0","","62.0","","61.0","","62.0","","63.0","","66.0","","68.5","","68.5",""
"BRAZIL","Macau","82594","","1961-1990","","Mean Value","%","70.0","","72.0","","75.0","","76.0","","76.0","","70.0","","69.0","","69.0","","68.0","","69.0","","66.0","","70.0","","70.8","","70.8",""
"BRAZIL","Ceara Mirim","82596","","1961-1990","","Mean Value","%","77.0","","78.0","","81.0","","83.0","","84.0","","84.0","","84.0","","80.0","","77.0","","75.0","","74.0","","75.0","","79.3","","79.3",""
"BRAZIL","Sao Felix Xingu","82668","","1961-1990","","Mean Value","%","89.0","","88.0","","88.0","","88.0","","86.0","","84.0","","81.0","","81.0","","82.0","","85.0","","85.0","","88.0","","85.0","","85.4",""
"BRAZIL","Floriano","82678","","1961-1990","","Mean Value","%","80.0","","81.0","","82.0","","76.0","","71.0","","63.0","","52.0","","48.0","","46.0","","56.0","","69.0","","74.0","","66.5","","66.5",""
"BRAZIL","Taua","82683","","1961-1990","","Mean Value","%","59.0","","64.6","","68.0","","74.0","","72.0","","68.0","","66.0","","61.0","","54.0","","57.0","","56.0","","59.0","","63.2","","63.2",""
"BRAZIL","Iguatu","82686","","1961-1990","","Mean Value","%","66.0","","70.0","","75.0","","78.0","","77.0","","69.0","","60.0","","53.0","","48.0","","50.0","","46.0","","49.0","","61.8","","61.8",""
"BRAZIL","Sao Goncalo","82689","","1961-1990","","Mean Value","%","60.0","","67.0","","73.0","","74.0","","70.0","","65.0","","59.0","","54.0","","53.0","","51.0","","52.0","","54.0","","61.0","","61.0",""
"BRAZIL","Florania","82691","","1961-1990","","Mean Value","%","60.0","","64.0","","73.0","","75.0","","71.0","","69.0","","65.0","","60.0","","57.0","","55.0","","55.0","","57.0","","63.4","","63.4",""
"BRAZIL","Carolina","82765","","1961-1990","","Mean Value","%","84.0","","85.0","","85.0","","81.0","","73.0","","61.0","","55.0","","50.0","","57.0","","74.0","","80.0","","83.0","","72.0","","72.3",""
"BRAZIL","Campos Sales","82777","","1961-1990","","Mean Value","%","68.0","","74.0","","82.0","","79.0","","72.0","","66.0","","62.0","","53.0","","52.0","","50.0","","53.0","","59.0","","64.2","","64.2",""
"BRAZIL","Picos","82780","","1961-1990","","Mean Value","%","69.0","","70.0","","77.0","","76.0","","67.0","","52.0","","53.0","","47.0","","42.0","","45.0","","45.0","","58.0","","58.4","","58.4",""
"BRAZIL","Barbalha","82784","","1961-1990","","Mean Value","%","68.0","","74.0","","80.0","","79.0","","73.0","","67.0","","61.0","","53.0","","49.0","","51.0","","53.0","","55.0","","63.6","","63.6",""
"BRAZIL","Triunfo","82789","","1961-1990","","Mean Value","%","67.4","","72.9","","79.2","","83.0","","82.9","","84.1","","81.3","","72.4","","65.9","","60.0","","60.0","","62.7","","72.7","","72.7",""
"BRAZIL","Monteiro","82792","","1961-1990","","Mean Value","%","66.0","","68.0","","73.0","","78.0","","77.0","","77.0","","75.0","","68.0","","66.0","","61.0","","60.0","","60.0","","69.1","","69.1",""
"BRAZIL","Campina Grande","82795","","1961-1990","","Mean Value","%","79.0","","72.0","","86.0","","86.0","","88.0","","91.0","","90.0","","86.0","","84.0","","79.0","","72.0","","79.0","","82.7","","82.7",""
"BRAZIL","Surubim","82797","","1961-1990","","Mean Value","%","71.0","","71.0","","74.0","","77.0","","80.0","","85.0","","82.0","","88.0","","73.0","","73.0","","70.0","","71.0","","76.3","","76.2",""
"BRAZIL","Joao Pessoa","82798","","1961-1990","","Mean Value","%","75.0","","75.0","","81.0","","79.0","","81.0","","81.0","","87.0","","75.0","","67.0","","73.0","","74.0","","74.0","","76.8","","76.8",""
"BRAZIL","Tarauaca","82807","","1961-1990","","Mean Value","%","89.0","","89.0","","89.0","","89.0","","87.0","","87.0","","85.0","","85.0","","85.0","","86.0","","86.0","","89.0","","87.0","","87.2",""
"BRAZIL","Porto Velho","82825","","1961-1990","","Mean Value","%","89.0","","88.0","","84.0","","81.0","","86.0","","88.0","","80.0","","82.0","","84.0","","86.0","","87.0","","82.0","","85.0","","84.8",""
"BRAZIL","Conceicao Araguaia","82861","","1961-1990","","Mean Value","%","90.0","","91.0","","87.0","","90.0","","83.0","","83.0","","77.0","","78.0","","83.0","","83.0","","88.0","","90.0","","85.0","","85.2",""
"BRAZIL","Paulistana","82882","","1961-1990","","Mean Value","%","64.7","","64.9","","73.5","","70.1","","61.6","","54.8","","52.6","","42.9","","42.4","","44.3","","48.1","","57.2","","56.4","","56.4",""
"BRAZIL","Cabrobo","82886","","1961-1990","","Mean Value","%","57.0","","61.0","","67.0","","67.0","","67.0","","66.0","","65.0","","59.0","","53.0","","48.0","","49.0","","54.0","","59.4","","59.4",""
"BRAZIL","Floresta","82887","","1961-1990","","Mean Value","%","60.0","","61.0","","68.0","","69.0","","70.0","","69.0","","69.0","","60.0","","54.0","","50.0","","52.0","","56.0","","61.5","","61.5",""
"BRAZIL","Arco Verde","82890","","1961-1990","","Mean Value","%","62.0","","66.0","","71.0","","74.0","","74.0","","76.0","","77.0","","74.0","","68.0","","65.0","","64.0","","64.0","","69.6","","69.6",""
"BRAZIL","Garanhuns","82893","","1961-1990","","Mean Value","%","76.8","","74.4","","81.0","","79.2","","88.0","","90.1","","91.6","","88.8","","81.3","","77.8","","71.9","","74.7","","81.3","","81.3",""
"BRAZIL","Recife","82900","","1961-1990","","Mean Value","%","73.0","","77.0","","80.0","","84.0","","85.0","","85.0","","85.0","","85.0","","78.0","","76.0","","74.0","","75.0","","79.8","","79.8",""
"BRAZIL","Rio Branco","82915","","1961-1990","","Mean Value","%","87.0","","87.0","","87.0","","87.0","","86.0","","83.0","","79.0","","77.0","","78.0","","82.0","","85.0","","87.0","","84.0","","83.8",""
"BRAZIL","Bom J. do Piaui","82975","","1961-1990","","Mean Value","%","75.2","","77.3","","76.6","","74.4","","64.3","","56.7","","50.1","","41.3","","42.0","","54.5","","66.7","","70.9","","62.5","","62.5",""
"BRAZIL","Remanso","82979","","1961-1990","","Mean Value","%","65.2","","66.1","","69.0","","68.0","","63.3","","60.3","","56.7","","51.7","","49.9","","51.3","","58.8","","61.3","","60.1","","60.1",""
"BRAZIL","Petrolina","82983","","1961-1990","","Mean Value","%","58.0","","63.0","","67.0","","70.0","","64.0","","61.0","","60.0","","53.0","","48.0","","48.0","","50.0","","54.0","","58.0","","58.0",""
"BRAZIL","Paulo Afonso","82986","","1961-1990","","Mean Value","%","62.7","","64.2","","66.9","","71.4","","75.4","","78.1","","75.7","","71.4","","65.7","","59.9","","58.3","","59.7","","67.5","","67.5",""
"BRAZIL","Palmeira dos Indios","82992","","1961-1990","","Mean Value","%","65.1","","70.4","","73.2","","79.5","","83.6","","85.6","","85.8","","83.0","","79.0","","69.9","","65.5","","65.9","","75.5","","75.5",""
"BRAZIL","Maceio","82994","","1961-1990","","Mean Value","%","75.4","","76.6","","78.3","","81.5","","82.6","","79.6","","82.1","","79.5","","77.2","","76.0","","74.7","","75.8","","78.3","","78.3",""
"BRAZIL","Cataguases","83027","","1961-1990","","Mean Value","%","77.9","","77.3","","75.4","","78.2","","78.8","","78.7","","77.9","","74.2","","74.7","","77.3","","76.5","","76.8","","77.0","","77.0",""
"BRAZIL","Cel. Pacheco","83037","","1961-1990","","Mean Value","%","79.0","","78.7","","78.9","","80.8","","80.8","","81.2","","78.5","","76.4","","76.4","","76.0","","77.6","","81.0","","78.8","","78.8",""
"BRAZIL","Porto Nacional","83064","","1961-1990","","Mean Value","%","83.0","","84.0","","84.0","","80.0","","72.0","","64.0","","56.0","","50.0","","56.0","","74.0","","79.0","","80.0","","72.0","","71.8",""
"BRAZIL","Sta. Rita de Cassia","83076","","1961-1990","","Mean Value","%","76.8","","77.9","","78.2","","77.9","","72.8","","67.8","","59.8","","54.7","","50.6","","58.1","","68.9","","75.2","","68.2","","68.2",""
"BRAZIL","Senhor do Bonfim","83088","","1961-1990","","Mean Value","%","66.1","","69.6","","66.5","","70.6","","70.0","","73.3","","71.2","","66.0","","60.9","","58.3","","59.6","","59.9","","66.0","","66.0",""
"BRAZIL","Monte Santo","83090","","1961-1990","","Mean Value","%","62.4","","59.1","","61.8","","67.6","","74.3","","75.7","","74.2","","70.0","","68.1","","59.7","","56.6","","58.6","","65.7","","65.7",""
"BRAZIL","Aracaju","83096","","1961-1990","","Mean Value","%","78.1","","76.6","","78.0","","79.6","","77.6","","77.3","","78.2","","78.2","","78.1","","78.7","","78.8","","79.0","","78.2","","78.2",""
"BRAZIL","Barra","83179","","1961-1990","","Mean Value","%","48.0","","52.1","","61.0","","64.3","","71.2","","69.6","","71.3","","69.0","","61.9","","57.9","","53.4","","47.0","","60.6","","60.6",""
"BRAZIL","Irece","83182","","1961-1990","","Mean Value","%","66.1","","65.2","","68.4","","69.4","","67.3","","65.8","","62.6","","57.5","","55.4","","55.8","","60.7","","64.9","","63.2","","63.3",""
"BRAZIL","Morro do Chapeu","83184","","1961-1990","","Mean Value","%","76.3","","75.4","","78.2","","81.0","","83.6","","85.1","","84.1","","79.4","","75.4","","73.4","","73.9","","75.9","","78.5","","78.5",""
"BRAZIL","Jacobina","83186","","1961-1990","","Mean Value","%","70.0","","71.0","","72.0","","75.0","","77.0","","78.0","","76.0","","72.0","","68.0","","65.0","","65.0","","70.0","","72.0","","71.6",""
"BRAZIL","Serrinha","83190","","1961-1990","","Mean Value","%","74.4","","76.5","","74.8","","81.5","","85.1","","85.5","","83.1","","81.8","","78.9","","76.3","","73.8","","73.2","","78.7","","78.7",""
"BRAZIL","Cipo","83192","","1961-1990","","Mean Value","%","65.3","","67.2","","68.8","","72.8","","75.9","","75.7","","77.9","","75.6","","71.4","","67.9","","64.8","","65.6","","70.7","","70.7",""
"BRAZIL","Camacari","83226","","1961-1990","","Mean Value","%","78.2","","79.7","","81.5","","84.6","","86.2","","86.1","","85.0","","82.5","","80.9","","79.8","","79.8","","79.2","","82.0","","82.0",""
"BRAZIL","Peixe","83228","","1961-1990","","Mean Value","%","81.0","","83.0","","84.0","","80.0","","74.0","","67.0","","61.0","","55.0","","57.0","","71.0","","77.0","","82.0","","73.0","","72.7",""
"BRAZIL","Salvador","83229","","1961-1990","","Mean Value","%","79.4","","79.0","","79.8","","82.2","","83.1","","82.3","","81.5","","80.0","","79.6","","80.7","","81.5","","81.1","","80.8","","80.8",""
"BRAZIL","Parana","83231","","1961-1990","","Mean Value","%","78.0","","76.0","","77.0","","75.0","","72.0","","68.0","","65.0","","57.0","","57.0","","67.0","","75.0","","77.0","","70.0","","70.3",""
"BRAZIL","Taguatinga","83235","","1961-1990","","Mean Value","%","79.0","","80.0","","79.0","","75.0","","65.0","","57.0","","53.0","","46.4","","9.0","","66.0","","75.0","","79.0","","67.0","","63.6",""
"BRAZIL","Barreiras","83236","","1961-1990","","Mean Value","%","77.5","","78.5","","79.9","","76.2","","71.9","","65.2","","58.7","","50.3","","47.1","","60.7","","70.8","","77.0","","67.8","","67.8",""
"BRAZIL","Lencois","83242","","1961-1990","","Mean Value","%","73.6","","73.0","","77.6","","80.5","","81.4","","82.0","","79.9","","76.2","","72.8","","73.6","","74.9","","76.2","","76.8","","76.8",""
"BRAZIL","Itaberaba","83244","","1961-1990","","Mean Value","%","69.8","","70.2","","69.9","","73.5","","74.9","","76.2","","75.2","","70.8","","68.3","","66.4","","67.7","","68.1","","70.9","","70.9",""
"BRAZIL","Alagoinhas","83249","","1961-1990","","Mean Value","%","76.6","","78.0","","78.3","","82.6","","82.1","","85.8","","82.2","","84.4","","81.6","","78.3","","77.2","","77.7","","80.4","","80.4",""
"BRAZIL","Cidade Vera","83264","","1961-1990","","Mean Value","%","85.3","","87.0","","85.6","","83.2","","81.8","","78.6","","73.5","","72.6","","75.1","","81.6","","85.4","","84.6","","80.7","","81.2",""
"BRAZIL","Correntina","83286","","1961-1990","","Mean Value","%","80.0","","77.9","","77.3","","79.0","","74.3","","69.6","","64.9","","56.6","","53.3","","64.8","","75.8","","79.6","","71.1","","71.1",""
"BRAZIL","Bom J. da Lapa","83288","","1961-1990","","Mean Value","%","70.5","","69.6","","69.6","","70.2","","61.8","","57.1","","52.1","","46.4","","46.2","","55.6","","66.6","","73.0","","61.6","","61.6",""
"BRAZIL","Ituacu","83292","","1961-1990","","Mean Value","%","58.7","","61.3","","69.1","","70.2","","72.6","","72.7","","70.4","","65.5","","61.4","","59.1","","50.6","","56.2","","64.0","","64.0",""
"BRAZIL","Itirucu","83295","","1961-1990","","Mean Value","%","79.7","","82.0","","81.1","","84.6","","85.4","","88.0","","87.9","","84.0","","82.2","","81.5","","82.0","","80.2","","83.2","","83.2",""
"BRAZIL","Diamantino","83309","","1961-1990","","Mean Value","%","80.3","","83.0","","79.9","","80.1","","77.5","","70.1","","67.8","","60.7","","64.5","","69.0","","74.2","","72.2","","73.2","","73.3",""
"BRAZIL","Posse","83332","","1961-1990","","Mean Value","%","79.0","","75.0","","76.0","","71.0","","68.0","","59.0","","52.0","","48.0","","51.0","","65.0","","76.0","","79.0","","67.0","","66.6",""
"BRAZIL","Espinosa","83338","","1961-1990","","Mean Value","%","67.5","","65.7","","66.5","","63.7","","59.6","","56.5","","53.5","","48.1","","47.9","","55.1","","64.3","","69.3","","59.8","","59.8",""
"BRAZIL","Caetite","83339","","1961-1990","","Mean Value","%","73.3","","72.3","","71.2","","72.7","","69.3","","68.0","","66.3","","59.5","","58.1","","64.4","","73.0","","72.6","","68.4","","68.4",""
"BRAZIL","Vitoria da Conquista","83344","","1961-1990","","Mean Value","%","77.0","","78.5","","77.2","","81.1","","80.7","","82.7","","81.3","","76.0","","75.8","","75.8","","77.6","","75.5","","78.3","","78.3",""
"BRAZIL","Ilheus","83348","","1961-1990","","Mean Value","%","80.4","","80.7","","81.5","","83.0","","85.7","","83.4","","86.6","","85.2","","83.7","","83.1","","82.8","","82.0","","83.2","","83.2",""
"BRAZIL","Cuiaba","83361","","1961-1990","","Mean Value","%","80.7","","81.6","","81.0","","79.5","","74.2","","73.7","","65.4","","57.3","","61.8","","69.6","","74.2","","78.5","","73.1","","73.1",""
"BRAZIL","Aragarcas","83368","","1961-1990","","Mean Value","%","82.0","","82.0","","83.0","","79.0","","74.0","","70.0","","62.0","","55.0","","60.0","","78.0","","76.0","","82.0","","74.0","","73.6",""
"BRAZIL","Goias","83374","","1961-1990","","Mean Value","%","80.0","","80.0","","79.0","","76.0","","70.0","","64.0","","56.0","","52.0","","56.0","","67.0","","76.0","","79.0","","70.0","","69.6",""
"BRAZIL","Pirenopolis","83376","","1961-1990","","Mean Value","%","82.0","","80.0","","81.0","","77.0","","72.0","","66.0","","57.0","","51.0","","57.0","","69.0","","77.0","","82.0","","71.0","","70.9",""
"BRAZIL","Brasilia","83377","","1961-1990","","Mean Value","%","76.0","","77.0","","76.0","","75.0","","68.0","","61.0","","56.0","","49.0","","53.0","","66.0","","75.0","","79.0","","67.0","","67.6",""
"BRAZIL","Formosa","83379","","1961-1990","","Mean Value","%","80.0","","78.0","","78.0","","75.0","","70.0","","65.0","","58.0","","51.0","","53.0","","67.0","","76.0","","81.0","","69.0","","69.3",""
"BRAZIL","Monte Azul","83388","","1961-1990","","Mean Value","%","71.9","","69.6","","69.2","","72.5","","62.0","","57.8","","54.8","","50.7","","52.0","","56.4","","66.0","","71.1","","62.8","","62.8",""
"BRAZIL","Pedra Azul","83393","","1961-1990","","Mean Value","%","75.2","","72.3","","73.7","","75.0","","75.2","","72.2","","72.7","","70.1","","68.7","","72.2","","75.0","","76.8","","73.3","","73.3",""
"BRAZIL","Canavieiras","83398","","1961-1990","","Mean Value","%","81.8","","81.8","","82.2","","85.9","","84.7","","85.0","","86.2","","81.8","","80.5","","81.5","","82.2","","80.7","","82.8","","82.9",""
"BRAZIL","Caceres","83405","","1961-1990","","Mean Value","%","84.1","","85.0","","80.9","","84.5","","83.2","","83.4","","76.5","","73.1","","71.0","","76.8","","80.5","","84.9","","80.4","","80.3",""
"BRAZIL","Carinhanha","83408","","1961-1990","","Mean Value","%","74.6","","61.5","","57.3","","65.5","","60.8","","56.1","","47.9","","44.0","","44.5","","50.0","","61.8","","65.9","","57.5","","57.5",""
"BRAZIL","Goiania","83423","","1961-1990","","Mean Value","%","75.0","","76.0","","74.0","","71.0","","65.0","","60.0","","53.0","","47.0","","53.0","","65.0","","73.0","","76.0","","66.0","","65.7",""
"BRAZIL","Montes Claros","83437","","1961-1990","","Mean Value","%","74.0","","71.2","","72.7","","71.8","","65.3","","65.0","","59.1","","52.1","","53.4","","62.1","","75.8","","76.8","","66.6","","66.6",""
"BRAZIL","Aracuai","83442","","1961-1990","","Mean Value","%","76.1","","72.7","","72.4","","69.4","","72.3","","71.7","","70.0","","66.2","","62.3","","71.6","","75.9","","77.5","","71.5","","71.5",""
"BRAZIL","Guaratinga","83446","","1961-1990","","Mean Value","%","78.9","","80.5","","77.9","","80.7","","82.1","","82.4","","82.9","","80.1","","79.1","","79.3","","79.5","","79.8","","80.3","","80.3",""
"BRAZIL","Rio Verde","83470","","1961-1990","","Mean Value","%","81.0","","78.0","","81.0","","76.0","","71.0","","64.0","","57.0","","52.0","","61.0","","68.0","","75.0","","81.0","","70.0","","70.4",""
"BRAZIL","Paracatu","83479","","1961-1990","","Mean Value","%","88.7","","78.4","","79.0","","76.6","","76.4","","73.9","","63.5","","64.2","","63.0","","69.4","","75.8","","81.6","","74.2","","74.2",""
"BRAZIL","Joao Pinheiro","83481","","1961-1990","","Mean Value","%","78.2","","76.2","","75.2","","72.6","","69.4","","67.3","","64.0","","58.4","","59.3","","68.0","","73.6","","78.9","","70.1","","70.1",""
"BRAZIL","Itamarandiba","83488","","1961-1990","","Mean Value","%","81.2","","80.2","","81.3","","81.8","","81.4","","79.9","","78.6","","75.1","","74.3","","77.6","","81.2","","83.0","","79.6","","79.6",""
"BRAZIL","Teofilo Otoni","83492","","1961-1990","","Mean Value","%","78.3","","76.0","","77.7","","79.4","","81.3","","81.7","","80.9","","77.8","","76.0","","78.4","","79.9","","80.0","","79.0","","79.0",""
"BRAZIL","Caravelas","83498","","1961-1990","","Mean Value","%","81.5","","79.6","","80.5","","81.5","","83.0","","83.9","","83.5","","80.0","","80.8","","81.2","","81.4","","81.5","","81.5","","81.5",""
"BRAZIL","Coxim","83512","","1961-1990","","Mean Value","%","80.0","","78.9","","79.1","","77.2","","75.0","","74.3","","63.6","","60.2","","62.9","","65.0","","70.1","","78.9","","72.1","","72.1",""
"BRAZIL","Capinopolis","83514","","1961-1990","","Mean Value","%","84.7","","82.8","","83.1","","79.5","","77.5","","75.0","","69.6","","67.2","","68.5","","72.9","","79.0","","84.5","","77.0","","77.0",""
"BRAZIL","Ipameri","83522","","1961-1990","","Mean Value","%","80.0","","78.0","","78.0","","76.0","","74.0","","72.0","","66.0","","58.0","","63.0","","68.0","","75.0","","81.0","","72.0","","72.4",""
"BRAZIL","Catalao","83526","","1961-1990","","Mean Value","%","78.0","","77.0","","75.0","","73.0","","68.0","","63.0","","56.0","","52.0","","54.0","","65.0","","74.0","","79.0","","68.0","","67.8",""
"BRAZIL","Patos de Minas","83531","","1961-1990","","Mean Value","%","78.3","","76.9","","78.8","","74.3","","69.1","","63.8","","59.2","","51.8","","55.3","","66.5","","75.0","","79.8","","69.1","","69.1",""
"BRAZIL","Diamantina","83538","","1961-1990","","Mean Value","%","79.6","","76.1","","78.7","","79.5","","78.4","","75.7","","73.0","","69.8","","72.3","","75.4","","79.6","","81.8","","76.7","","76.7",""
"BRAZIL","Gov. Valadares","83543","","1961-1990","","Mean Value","%","76.7","","74.5","","73.6","","76.6","","76.0","","76.6","","74.7","","69.3","","70.9","","73.6","","78.4","","78.9","","75.0","","75.0",""
"BRAZIL","Sao Mateus","83550","","1961-1990","","Mean Value","%","82.0","","81.0","","81.0","","81.0","","83.0","","84.0","","84.0","","82.0","","81.0","","82.0","","82.0","","83.0","","82.0","","82.2",""
"BRAZIL","Corumba","83552","","1961-1990","","Mean Value","%","78.3","","80.8","","81.6","","78.5","","80.9","","79.2","","72.4","","72.6","","72.5","","71.8","","75.7","","77.0","","76.8","","76.8",""
"BRAZIL","Paranaiba","83565","","1961-1990","","Mean Value","%","80.8","","73.4","","77.2","","75.6","","73.4","","70.6","","63.8","","59.9","","62.4","","65.3","","72.8","","78.6","","71.2","","71.2",""
"BRAZIL","Pompeu","83570","","1961-1990","","Mean Value","%","79.5","","78.1","","79.4","","79.2","","78.4","","75.8","","72.3","","69.0","","68.2","","72.5","","78.5","","83.2","","76.2","","76.2",""
"BRAZIL","Uberaba","83577","","1961-1990","","Mean Value","%","80.5","","80.9","","79.5","","76.2","","74.6","","73.1","","67.3","","58.9","","63.0","","70.6","","75.2","","80.4","","73.4","","73.3",""
"BRAZIL","Araxa","83579","","1961-1990","","Mean Value","%","82.3","","81.6","","81.5","","80.1","","77.3","","74.1","","70.9","","67.1","","69.6","","76.1","","80.8","","84.6","","77.2","","77.2",""
"BRAZIL","Bambui","83582","","1961-1990","","Mean Value","%","83.2","","80.6","","81.9","","82.9","","83.2","","81.3","","78.8","","73.8","","73.7","","76.1","","80.3","","84.8","","80.0","","80.0",""
"BRAZIL","Sete Lagoas","83586","","1961-1990","","Mean Value","%","76.8","","74.8","","75.2","","73.3","","72.3","","70.1","","66.2","","59.7","","59.9","","66.8","","73.5","","76.9","","70.5","","70.5",""
"BRAZIL","Belo Horizonte","83587","","1961-1990","","Mean Value","%","79.0","","75.1","","74.7","","73.9","","72.5","","71.4","","68.7","","64.5","","65.1","","69.8","","74.1","","78.0","","72.2","","72.2",""
"BRAZIL","C. Mato Dentro","83589","","1961-1990","","Mean Value","%","75.7","","75.0","","77.9","","79.4","","80.3","","79.2","","74.8","","70.7","","68.5","","72.9","","76.2","","78.2","","75.7","","75.7",""
"BRAZIL","Caratinga","83592","","1961-1990","","Mean Value","%","80.7","","78.6","","81.1","","82.4","","83.3","","83.1","","80.6","","76.5","","80.1","","77.4","","80.1","","82.2","","75.6","","80.5",""
"BRAZIL","Aimores","83595","","1961-1990","","Mean Value","%","79.8","","77.7","","78.8","","78.4","","76.0","","73.4","","72.1","","71.0","","77.9","","78.3","","79.6","","83.6","","77.2","","77.2",""
"BRAZIL","Linhares","83597","","1961-1990","","Mean Value","%","83.0","","82.0","","84.0","","84.0","","85.0","","86.0","","86.0","","83.0","","84.0","","84.0","","85.0","","85.0","","84.0","","84.2",""
"BRAZIL","Campo Grande","83611","","1961-1990","","Mean Value","%","80.8","","80.6","","78.0","","77.5","","74.8","","72.3","","65.9","","59.6","","63.2","","67.6","","72.5","","80.3","","72.8","","72.8",""
"BRAZIL","Tres Lagoas","83618","","1961-1990","","Mean Value","%","75.8","","73.4","","74.0","","73.1","","71.3","","70.5","","65.9","","60.8","","62.3","","64.5","","68.8","","74.5","","69.5","","69.6",""
"BRAZIL","Franca","83630","","1961-1990","","Mean Value","%","81.0","","75.0","","73.0","","70.0","","69.0","","66.0","","61.0","","55.0","","59.0","","67.0","","73.0","","79.0","","69.0","","69.0",""
"BRAZIL","Ibirite","83632","","1961-1990","","Mean Value","%","78.8","","77.7","","77.8","","77.8","","78.2","","77.3","","73.8","","68.8","","67.8","","71.8","","76.4","","79.9","","75.5","","75.5",""
"BRAZIL","Caparao","83639","","1961-1990","","Mean Value","%","78.5","","77.0","","78.2","","78.7","","79.9","","79.3","","77.8","","74.3","","74.5","","75.5","","76.8","","77.9","","77.4","","77.4",""
"BRAZIL","Vicosa","83642","","1961-1990","","Mean Value","%","81.5","","80.6","","81.7","","83.0","","83.3","","84.0","","81.9","","76.6","","76.2","","76.7","","80.6","","82.8","","81.0","","80.7",""
"BRAZIL","C. Itapemirim","83646","","1961-1990","","Mean Value","%","77.0","","76.0","","77.0","","80.0","","81.0","","80.0","","80.0","","77.0","","77.0","","79.0","","79.0","","80.0","","79.0","","78.6",""
"BRAZIL","Vitoria","83648","","1961-1990","","Mean Value","%","76.0","","75.0","","76.0","","76.0","","76.0","","77.0","","77.0","","76.0","","77.0","","78.0","","78.0","","78.0","","77.0","","76.7",""
"BRAZIL","Dourados","83659","","1961-1990","","Mean Value","%","80.6","","81.2","","82.0","","77.5","","78.6","","78.9","","71.1","","66.0","","68.3","","70.6","","72.5","","77.0","","75.4","","75.4",""
"BRAZIL","Sao Simao","83669","","1961-1990","","Mean Value","%","79.0","","78.0","","75.0","","75.0","","76.0","","75.0","","66.0","","60.0","","61.0","","65.0","","70.0","","79.0","","71.0","","71.6",""
"BRAZIL","Catanduva","83676","","1961-1990","","Mean Value","%","78.0","","77.0","","76.0","","71.0","","72.0","","66.0","","66.0","","60.0","","61.0","","63.0","","69.0","","71.0","","69.0","","69.2",""
"BRAZIL","Machado","83683","","1961-1990","","Mean Value","%","77.2","","76.4","","75.6","","74.8","","74.5","","72.9","","68.5","","63.5","","63.8","","69.9","","72.6","","77.3","","72.3","","72.2",""
"BRAZIL","Lavras","83687","","1961-1990","","Mean Value","%","81.3","","79.7","","77.3","","80.1","","77.4","","76.1","","72.2","","67.1","","69.2","","74.1","","78.3","","81.5","","76.2","","76.2",""
"BRAZIL","Barbacena","83689","","1961-1990","","Mean Value","%","83.4","","85.3","","83.3","","83.8","","82.1","","80.6","","78.8","","75.4","","76.6","","80.8","","83.5","","85.2","","81.6","","81.6",""
"BRAZIL","Juiz de Fora","83692","","1961-1990","","Mean Value","%","83.4","","81.1","","83.9","","84.3","","83.3","","86.0","","77.9","","73.6","","83.1","","81.2","","81.3","","85.3","","82.0","","82.0",""
"BRAZIL","Itaperuna","83695","","1961-1990","","Mean Value","%","76.0","","76.0","","76.0","","78.0","","79.0","","79.0","","78.0","","74.0","","75.0","","76.0","","77.0","","79.0","","77.0","","76.9",""
"BRAZIL","Ponta Pora","83702","","1961-1990","","Mean Value","%","77.6","","78.5","","77.4","","76.6","","77.8","","78.9","","71.0","","68.2","","69.7","","69.5","","72.9","","75.6","","74.5","","74.5",""
"BRAZIL","Ivinhema","83704","","1961-1990","","Mean Value","%","84.7","","82.8","","91.0","","97.1","","79.3","","74.5","","75.0","","71.4","","72.1","","81.0","","77.7","","80.3","","80.5","","80.6",""
"BRAZIL","Campos do Jordao","83714","","1961-1990","","Mean Value","%","87.0","","84.0","","83.0","","85.0","","88.0","","84.0","","77.0","","76.0","","76.0","","81.0","","86.0","","87.0","","83.0","","82.8",""
"BRAZIL","Cordeiro","83718","","1961-1990","","Mean Value","%","80.0","","80.0","","82.0","","84.0","","85.0","","85.0","","83.0","","79.0","","78.0","","79.0","","80.0","","82.0","","81.0","","81.4",""
"BRAZIL","CABO FRIO (CAPE)","83719","","1961-1990","","Mean Value","%","82.0","","82.0","","82.0","","80.0","","81.0","","81.0","","80.0","","81.0","","81.0","","82.0","","82.0","","82.0","","81.0","","81.3",""
"BRAZIL","Sao Carlos","83726","","1961-1990","","Mean Value","%","76.0","","75.0","","73.0","","68.0","","67.0","","66.0","","61.0","","54.0","","58.0","","80.0","","67.0","","73.0","","68.0","","68.2",""
"BRAZIL","Sao Lourenco","83736","","1961-1990","","Mean Value","%","79.5","","76.7","","79.1","","78.9","","79.9","","77.6","","75.9","","70.9","","70.1","","74.6","","74.8","","79.1","","76.4","","76.4",""
"BRAZIL","Ecol. Agricula","83741","","1961-1990","","Mean Value","%","77.0","","76.0","","78.0","","80.0","","78.0","","77.0","","74.0","","73.0","","75.0","","78.0","","77.0","","78.0","","77.0","","76.8",""
"BRAZIL","Vassouras","83742","","1961-1990","","Mean Value","%","83.0","","82.0","","83.0","","85.0","","85.0","","83.0","","81.0","","78.0","","78.0","","81.0","","81.0","","83.0","","82.0","","81.9",""
"BRAZIL","Rio de Janeiro","83743","","1961-1990","","Mean Value","%","79.0","","79.0","","80.0","","80.0","","80.0","","79.0","","77.0","","77.0","","79.0","","80.0","","79.0","","80.0","","79.0","","79.1",""
"BRAZIL","Nova Friburgo","83745","","1961-1990","","Mean Value","%","77.0","","78.0","","78.0","","82.0","","82.0","","83.0","","83.0","","81.0","","80.0","","81.0","","80.0","","80.0","","80.0","","80.4",""
"BRAZIL","Pirai","83757","","1961-1990","","Mean Value","%","82.0","","83.0","","83.0","","85.0","","85.0","","86.0","","84.0","","82.0","","81.0","","82.0","","82.0","","82.0","","83.0","","83.1",""
"BRAZIL","IIha Guaiba","83758","","1961-1990","","Mean Value","%","81.0","","81.0","","82.0","","81.0","","79.0","","77.0","","75.0","","77.0","","80.0","","82.0","","82.0","","82.0","","80.0","","79.9",""
"BRAZIL","Londrina","83766","","1961-1990","","Mean Value","%","73.0","","76.0","","75.0","","72.0","","74.0","","73.0","","72.0","","67.0","","67.0","","67.0","","69.0","","68.0","","71.0","","71.1",""
"BRAZIL","Maringa","83767","","1961-1990","","Mean Value","%","59.0","","59.0","","54.0","","56.0","","51.0","","52.0","","48.0","","45.0","","48.0","","68.0","","48.0","","57.0","","54.0","","53.8",""
"BRAZIL","Jacarezinho","83769","","1961-1990","","Mean Value","%","72.0","","76.0","","74.0","","71.0","","74.0","","74.0","","69.0","","65.0","","63.0","","66.0","","68.0","","72.0","","70.0","","70.3",""
"BRAZIL","Itapeva","83774","","1961-1990","","Mean Value","%","73.0","","73.0","","74.0","","74.0","","75.0","","75.0","","72.0","","70.0","","74.0","","74.0","","73.0","","69.0","","73.0","","73.0",""
"BRAZIL","Guaira","83775","","1961-1990","","Mean Value","%","75.0","","77.0","","79.0","","80.0","","82.0","","83.0","","78.0","","74.0","","73.0","","75.0","","72.0","","76.0","","77.0","","77.0",""
"BRAZIL","Sao Paulo","83781","","1961-1990","","Mean Value","%","80.0","","79.0","","80.0","","80.0","","79.0","","78.0","","77.0","","74.0","","77.0","","79.0","","78.0","","80.0","","78.0","","78.4",""
"BRAZIL","Santos","83782","","1961-1990","","Mean Value","%","79.0","","80.0","","83.0","","83.0","","81.0","","81.0","","77.0","","75.0","","82.0","","81.0","","78.0","","79.0","","80.0","","79.9",""
"BRAZIL","Campo Mourao","83783","","1961-1990","","Mean Value","%","76.0","","73.0","","70.0","","66.0","","73.0","","77.0","","76.0","","70.0","","69.0","","72.0","","68.0","","73.0","","72.0","","71.9",""
"BRAZIL","Ubatuba","83786","","1961-1990","","Mean Value","%","85.0","","85.0","","86.0","","88.0","","88.0","","87.0","","87.0","","86.0","","87.0","","87.0","","83.0","","83.0","","86.0","","86.0",""
"BRAZIL","Angra dos Reis","83788","","1961-1990","","Mean Value","%","81.0","","80.0","","81.0","","82.0","","82.0","","82.0","","81.0","","81.0","","82.0","","83.0","","82.0","","82.0","","82.0","","81.6",""
"BRAZIL","Castro","83813","","1961-1990","","Mean Value","%","81.0","","82.0","","85.0","","86.0","","87.0","","86.0","","84.0","","82.0","","77.0","","80.0","","72.0","","75.0","","81.0","","81.4",""
"BRAZIL","Foz do lguacu","83826","","1961-1990","","Mean Value","%","77.0","","80.0","","82.0","","85.0","","86.0","","85.0","","83.0","","80.0","","79.0","","78.0","","75.0","","74.0","","80.0","","80.3",""
"BRAZIL","Curitiba","83842","","1961-1990","","Mean Value","%","79.0","","80.0","","80.0","","79.0","","82.0","","76.0","","81.0","","79.0","","82.0","","82.0","","80.0","","82.0","","80.0","","80.2",""
"BRAZIL","Paranagua","83844","","1961-1990","","Mean Value","%","80.0","","78.0","","82.0","","83.0","","83.0","","83.0","","83.0","","86.0","","78.0","","79.0","","71.0","","74.0","","80.0","","80.0",""
"BRAZIL","Porto Uniao","83864","","1961-1990","","Mean Value","%","78.0","","81.0","","81.0","","83.0","","86.0","","87.0","","85.0","","81.0","","81.0","","77.0","","75.0","","76.0","","81.0","","80.9",""
"BRAZIL","Rio Negro","83867","","1961-1990","","Mean Value","%","81.0","","83.0","","83.0","","83.0","","81.0","","83.0","","81.0","","80.0","","82.0","","80.0","","78.0","","80.0","","81.0","","81.2",""
"BRAZIL","Indaial","83872","","1961-1990","","Mean Value","%","76.0","","78.0","","79.0","","79.0","","80.0","","80.0","","80.0","","78.0","","79.0","","77.0","","76.0","","75.0","","78.0","","78.1",""
"BRAZIL","Irai","83881","","1961-1990","","Mean Value","%","74.0","","77.0","","79.0","","80.0","","84.0","","85.0","","82.0","","79.0","","77.0","","73.0","","73.0","","71.0","","78.0","","77.8",""
"BRAZIL","Chapeco","83883","","1961-1990","","Mean Value","%","73.0","","75.0","","75.0","","76.0","","78.0","","77.0","","74.0","","71.0","","72.0","","71.0","","69.0","","71.0","","74.0","","73.5",""
"BRAZIL","Florianopolis","83897","","1961-1990","","Mean Value","%","81.0","","82.0","","82.0","","82.0","","83.0","","83.0","","84.0","","83.0","","83.0","","81.0","","80.0","","80.0","","82.0","","82.0",""
"BRAZIL","Sao L. Gonzaga","83907","","1961-1990","","Mean Value","%","67.0","","71.0","","72.0","","74.0","","74.0","","76.0","","75.0","","72.0","","71.0","","67.0","","66.0","","63.0","","71.0","","70.7",""
"BRAZIL","Passo Fundo","83914","","1961-1990","","Mean Value","%","71.0","","74.0","","75.0","","74.0","","75.0","","76.0","","75.0","","73.0","","72.0","","69.0","","67.0","","67.0","","72.0","","72.3",""
"BRAZIL","Bom Jesus","83919","","1961-1990","","Mean Value","%","81.0","","83.0","","80.0","","81.0","","81.0","","81.0","","79.0","","79.0","","79.0","","79.0","","78.0","","79.0","","82.0","","80.0",""
"BRAZIL","Sao Joaquim","83920","","1961-1990","","Mean Value","%","82.0","","83.0","","84.0","","83.0","","80.0","","78.0","","77.0","","76.0","","78.0","","79.0","","79.0","","80.0","","80.0","","79.9",""
"BRAZIL","Santa Maria","83936","","1961-1990","","Mean Value","%","71.0","","76.0","","79.0","","80.0","","82.0","","81.0","","80.0","","78.0","","78.0","","73.0","","71.0","","69.0","","77.0","","76.5",""
"BRAZIL","Caxias do Sul","83942","","1961-1990","","Mean Value","%","77.0","","79.0","","82.0","","81.0","","80.0","","80.0","","78.0","","78.0","","77.0","","78.0","","75.0","","76.0","","78.0","","78.4",""
"BRAZIL","Torres","83948","","1961-1990","","Mean Value","%","83.0","","84.0","","83.0","","81.0","","82.0","","82.0","","84.0","","83.0","","84.0","","83.0","","81.0","","82.0","","83.0","","82.7",""
"BRAZIL","Encruz. do Sul","83964","","1961-1990","","Mean Value","%","72.0","","76.0","","77.0","","77.0","","78.0","","80.0","","80.0","","77.0","","77.0","","74.0","","71.0","","87.0","","77.0","","77.2",""
"BRAZIL","Porto Alegre","83967","","1961-1990","","Mean Value","%","71.0","","74.0","","75.0","","77.0","","81.0","","82.0","","81.0","","79.0","","78.0","","74.0","","71.0","","69.0","","76.0","","76.0",""
"BRAZIL","Bage","83980","","1961-1990","","Mean Value","%","63.0","","67.0","","70.0","","72.0","","75.0","","77.0","","77.0","","74.0","","73.0","","69.0","","65.0","","62.0","","70.0","","70.3",""
"BRAZIL","Sta. Vit. Palmar","83997","","1961-1990","","Mean Value","%","75.0","","78.0","","80.0","","81.0","","83.0","","84.0","","85.0","","84.0","","82.0","","80.0","","77.0","","75.0","","80.0","","80.3",""

